month,revenue,profit,orders,mom_growth
2024-04-01,33915.8,11650.8,124,
2024-05-01,15690.01,4950.8,86,-53.73834613955738
2024-06-01,39161.26,11487.35,111,149.59359490529326
2024-07-01,20863.91,7459.0,108,-46.723088072242824
2024-08-01,28413.41,8523.81,104,36.18449274368993
2024-09-01,23064.15,8424.18,109,-18.826532964540334
2024-10-01,54544.189999999995,18088.81,162,136.48905335770013
2024-11-01,50424.17,17018.77,153,-7.553545116354277
2024-12-01,58538.03,19259.03,191,16.09121181369966
2025-01-01,37493.96,12492.63,140,-35.94939904878931
2025-02-01,37038.27,12202.57,118,-1.2153690887812374
2025-03-01,37054.27,12536.23,154,0.04319856191987714
2025-04-01,43837.06,13235.35,146,18.30501585917088
2025-05-01,30946.02,8989.02,133,-29.406716600063966
2025-06-01,26448.84,9134.97,140,-14.532337276328267
2025-07-01,20448.8,6970.57,154,-22.68545614854943
2025-08-01,27590.12,9460.21,150,34.92292946285356
2025-09-01,27582.22,8893.26,169,-0.02863343834675902
